id	Label	Intra
1	Bundle1	10
2	Bundle2	10
3	Bundle3	10
4	Bundle4	10
5	Bundle5	10
6	Bundle6	9.7917
7	Bundle7	9.74428
8	Bundle8	9.33692
9	Bundle9	9.19615
10	Bundle10	5.37081
