id	Label	Intra
1	Bundle1	10
2	Bundle2	10
3	Bundle3	10
4	Bundle4	10
5	Bundle5	10
6	Bundle6	10
7	Bundle7	9.99325
8	Bundle8	9.9273
9	Bundle9	9.79473
10	Bundle10	10
