id	Label	Intra
1	Bundle1	9.67719
2	Bundle2	9.37893
3	Bundle3	8.31859
4	Bundle4	9.36136
5	Bundle5	8.16903
6	Bundle6	6.88503
7	Bundle7	7.72154
8	Bundle8	7.14005
9	Bundle9	4.91992
10	Bundle10	7.49252
