id	Label	Intra
1	Bundle1	5.96223
2	Bundle2	3.18218
3	Bundle3	1.69114
4	Bundle4	1
5	Bundle5	1
6	Bundle6	0.860456
7	Bundle7	0
8	Bundle8	0
9	Bundle9	0
10	Bundle10	0.0224358
